,pH,pH,Total Dissolved Solids (mg/L),Total Dissolved Solids (mg/L),Temperature,Temperature,Turbidity (NTU),Turbidity (NTU),Chloride (mg/L),Chloride (mg/L),Electrical Conductivity (µS/cm) at 25°C),Electrical Conductivity (µS/cm) at 25°C),Fluoride (mg/L),Fluoride (mg/L),Sodium (mg/L),Sodium (mg/L)
,mean,std,mean,std,mean,std,mean,std,mean,std,mean,std,mean,std,mean,std
District Name,,,,,,,,,,,,,,,,
Adilabad,8.294375,0.1929064972121636,351.3125,109.84335437339847,24.3125,3.439355559791205,13.525,24.772363633694706,44.831875,17.233758815669518,499.8125,134.39770769374505,0.375,0.06693280212272602,37.419375,15.0072055887608
Agra,7.53625,0.2633795241932419,831.405303030303,264.7875655628751,25.379166666666666,6.598667746822317,40.03787878787879,91.22248783045575,203.66375000000002,77.37014822561981,1298.583106060606,441.42586204431944,0.4674621212121212,0.13639296310600837,163.55704545454546,68.644382667818
Akola,8.43142857142857,0.17053138239324822,847.5714285714286,339.87686846016123,23.428571428571427,5.028490259085154,17.98,15.366581706200417,202.2342857142857,98.91856193474557,1310.0,513.2273700157984,0.3985714285714286,0.05814595756329397,164.77142857142857,78.76853166685525
Alappuzha,6.59,0.15775206586829305,24.11,6.178409411583442,28.18375,1.246055920552065,6.275,5.250510179292784,5.6499999999999995,1.9346465162548798,47.15,11.866521935982034,0.34087500000000004,0.24176697015337487,3.18125,1.154202724208979
Anand,8.416875,0.44320934535445433,240.046875,28.45850763385233,28.625,4.049299371104264,7.109375,24.513110963869604,52.40859375,11.893673904368335,399.71875,50.36295840560877,0.4171875,0.12013839572336617,37.51453125,8.351452098751336
Anantnag,7.678035714285714,0.3727412928943763,144.28482142857143,54.52681895564857,14.241071428571429,6.120955860758241,3.0107142857142857,3.4570443798360246,10.847678571428572,2.916519713675828,240.6769642857143,90.72877831346155,0.17380357142857145,0.11500583694955457,7.390178571428572,3.3929469577996
Anjaw,7.0,,228.0,,20.7,,8.0,,24.0,,340.0,,0.07,,3.0,
Anugul,7.706280487804878,0.39786416815799824,126.9189024390244,58.25069119379477,26.806280487804877,4.496905842240058,17.71469512195122,53.26475167568251,22.019024390243903,14.1760803126279,224.0341463414634,99.45108761031305,0.3718292682926829,0.13500854822998004,12.324878048780487,7.611938434689476
Ariyalur,7.976666666666667,0.21613688143200258,1176.25,334.3199678587728,24.916666666666668,2.64431923988467,45.75,43.63302544049529,323.0825,88.60068172577864,2061.25,596.1226422016317,0.7275,0.1978578461237443,247.15,68.79372989399015
Auraiya,7.823731343283583,0.3505443205493142,534.9253731343283,173.39185900927413,25.850746268656717,5.519260302171824,43.507462686567166,65.2926681888715,102.47179104477611,42.33932414990617,808.0895522388059,249.46486552541757,0.40134328358208954,0.11212676163121454,93.30253731343284,40.46086782661338
Ayodhya,8.113859649122807,0.19258607440963382,168.02631578947367,36.93679378315125,24.054385964912278,5.420350711163777,14.491228070175438,13.396767285421365,9.396754385964913,2.4548123211480424,307.82456140350877,62.877637260834206,0.13543859649122805,0.053383573604209866,6.7859649122807015,2.0937275559164745
Bagalkot,8.193095238095239,0.15081062418482183,715.8809523809524,440.23874910519294,23.214285714285715,1.982062417930229,89.28166666666667,178.3708142745313,191.35714285714286,148.08366478786064,1123.3333333333333,650.3205088474778,0.39016666666666666,0.1676040509241315,125.7842857142857,86.14056199148608
Baghpat,7.8652577319587635,0.35560527917511686,425.78350515463916,219.23960568429143,22.29845360824742,6.640630758511848,106.5668556701031,153.0549176014252,60.540360824742265,42.491540741471766,672.971030927835,351.58986543359805,0.45644329896907215,0.16605832479781388,47.817577319587635,33.66947169398448
Baksa,7.819230769230769,0.5487244673914753,126.37008547008547,43.61906468853931,25.794017094017097,3.7399126533754354,83.19888888888889,121.65081875922279,5.021367521367521,1.9750639038037376,198.36752136752136,67.32501434633677,0.11162393162393162,0.07146203796853245,7.021709401709401,3.3707796833144297
Balaghat,7.918000000000001,0.434881714105293,161.345,35.800595040629666,18.65,4.987088592714085,11.838,29.01957299551641,10.4945,3.215879146393802,302.805,65.35559795618524,0.23399999999999999,0.06492100462951313,16.222,4.98713460605861
Ballia,8.059393939393939,0.29524893688535947,185.84848484848484,47.15612120287001,25.966666666666665,5.188784749773994,13.287878787878787,4.898241918563628,10.35651515151515,4.903675385298489,336.2121212121212,83.08485285473382,0.14303030303030304,0.05632241518449339,7.992424242424242,3.434454860160516
Balod,8.103538461538461,0.30876483147186,167.40153846153848,54.2700178859944,24.70769230769231,3.5705964003015165,11.60723076923077,29.882632942673215,30.537538461538464,20.981561624939975,323.46923076923076,92.45560915088677,0.34353846153846157,0.10828825492104928,34.933076923076925,33.64871129233058
Balrampur,8.12625,0.14380873541253503,199.796875,44.935643464530784,25.0,5.726574088724496,13.953125,4.958333333333333,9.55375,2.326626756377581,361.24078125,92.01758783411204,0.119375,0.05175875050625021,7.605,2.2202416570889345
Banda,8.132833333333334,0.2513697503925826,215.7,57.924936815543816,25.503333333333334,5.000981824506018,16.466666666666665,26.101799838368617,19.508,23.56991106891602,321.3,81.51807535859454,0.39649999999999996,0.17319358229782233,26.327,14.485559413616851
Banka,8.22304347826087,0.26801347969167977,152.95652173913044,38.081823701638655,21.26086956521739,3.5830077677883416,31.108695652173914,22.931695275782467,17.55304347826087,11.723954279703124,237.0,58.16199946544292,0.4830434782608695,0.18141952342088455,22.96782608695652,13.069998593768354
Barabanki,8.025909090909092,0.2665273966159072,162.9848484848485,36.53722755860105,24.477272727272727,5.0290477904193445,11.666666666666666,5.622299921763014,9.357878787878787,2.994855340105513,292.030303030303,59.634520126148345,0.13348484848484848,0.056090378284787294,6.566666666666666,2.24385199932433
Bareilly,7.909591836734694,0.28024135519902954,335.3826530612245,222.48713360690655,24.636224489795918,5.841949449005058,17.483979591836736,20.949711373805016,38.824285714285715,38.22499320655302,593.6504081632653,350.6678668364518,0.21346938775510205,0.09002110340406173,27.68418367346939,28.203858707575108
Barpeta,7.787235294117647,0.5842286199800202,144.39176470588234,62.84440768078767,26.257823529411763,3.715518786163066,78.03594117647059,106.7877818537821,5.169411764705882,1.9977205074525008,222.23,97.37755099544157,0.09523529411764707,0.04025367697823408,6.794823529411764,2.664894998548582
Bastar,7.812307692307693,0.3072500026079154,121.61538461538461,54.68628478503311,24.076923076923077,2.956956161932359,45.638461538461534,65.54553809453824,10.569230769230769,2.6670347502374923,156.9,64.66361676656615,0.12461538461538463,0.027268841992093163,8.529230769230768,2.02773873045182
Basti,7.916134969325153,0.22781659602390414,256.70552147239266,82.88709653374455,25.901226993865027,4.747799850821893,15.006134969325153,4.227331605184215,20.178220858895706,6.30370104106451,467.7306748466258,143.40971665484614,0.2660122699386503,0.0763482912507827,17.911656441717792,6.624183086256862
Bemetara,8.184237288135593,0.24237476958307758,296.10169491525426,121.68112013405255,25.208474576271186,4.300733222795021,93.67305084745763,177.39552956943845,21.566610169491526,12.08968135260318,573.4033898305086,224.67345189921954,0.3137288135593221,0.08860797631031568,53.59186440677966,36.52653756468105
Bhagalpur,8.322702702702703,0.3861465514013556,225.67567567567568,58.97506726200962,26.032432432432433,4.744649270145972,28.029729729729727,59.80439813288013,27.662432432432432,14.597516989277741,344.2972972972973,80.57703865965264,0.2602702702702703,0.06439834739453448,24.852162162162163,12.338769778208832
Bhandara,8.268666666666666,0.4060940543179387,179.16466666666665,35.68752300307823,20.266666666666666,7.601378321130476,2.7646666666666664,4.04751222828236,17.668666666666663,6.9109549336714755,338.94666666666666,62.67920441954147,0.31653333333333333,0.10233130136031321,19.123333333333335,3.1176357036947695
Bhavnagar,7.993636363636364,0.4874964757337365,925.9090909090909,644.1575457315887,27.018181818181816,1.0581368907913948,101.68181818181819,214.7746075182819,325.14090909090913,253.0284023377818,1492.3181818181818,1023.7353818417298,0.5268181818181819,0.21924950700137577,223.0359090909091,170.12744963868343
Bhilwara,8.071666666666667,0.49330051925661983,405.76666666666665,94.06369204384623,19.98,6.177400412962476,24.012666666666668,87.86747756327897,73.824,28.748706429669326,643.9966666666667,149.34661947003164,0.3956666666666667,0.10152911365485386,51.358333333333334,21.353356206094812
Bhind,8.36111111111111,0.5490460566537605,304.0740740740741,129.0415834471991,23.36111111111111,4.938429078260242,61.851851851851855,124.81358286742692,44.10296296296296,28.24777530927224,447.1151851851852,206.88283312186897,0.2959259259259259,0.10848038721125514,40.910555555555554,23.150844673996165
Bidar,8.179166666666667,0.16511474430794698,388.75,70.88803591836663,24.625,1.5685111643616922,8.825000000000001,3.3839527720753377,48.75666666666667,9.37691491554303,556.5,53.4015662010701,0.2841666666666667,0.042949935619241264,37.3775,7.1722712581162185
Bijapur,7.822727272727272,0.35916823103083373,131.0,114.44998907819956,23.099999999999998,5.964059020499378,41.53636363636363,62.14296859222727,14.976363636363637,13.157314522901148,169.06363636363636,127.63346169972255,0.0990909090909091,0.03832872172524032,9.350909090909092,6.753078489911775
Bijnor,7.938931297709924,0.2980352377421089,156.21374045801528,67.55795319958071,22.917557251908395,4.575965319193999,16.374045801526716,6.209590445881143,11.660381679389312,5.440968862334405,282.9236641221374,101.3951613411311,0.1866412213740458,0.09527781796105458,8.941221374045801,4.834648507293792
Bilaspur,7.940961538461539,0.5259712825057951,258.05961538461537,165.83017975394597,26.109230769230766,4.1978473276099715,38.9195,80.83671578831091,42.72507692307693,36.83335001010678,500.1926923076923,317.4068899809759,0.3159230769230769,0.10467966324855987,49.743153846153845,50.34964489044586
Birbhum,8.04,,103.04,,20.0,,37.2,,11.59,,184.0,,0.41,,10.2,
Biswanath,7.792692307692307,0.5219927792014577,111.89230769230768,30.63885014914134,25.93846153846154,3.114620609072883,111.87807692307692,188.6794257362308,6.107692307692308,3.681920485499172,170.30423076923077,47.376427739801315,0.11038461538461539,0.04591128569149588,5.894615384615384,2.115777362142304
Bongaigaon,7.908190476190477,0.6294637231442165,187.31047619047618,80.52903671706719,26.725714285714282,3.5926749347544904,90.752,130.6849886794725,5.8969523809523805,5.441860916827555,288.95714285714286,121.71734031791007,0.09028571428571429,0.07025307470491597,10.439428571428572,47.07832188999542
Budaun,8.008235294117647,0.20696052818900157,137.27941176470588,36.802760112355976,23.705882352941178,5.024206549161686,14.647058823529411,5.70353309167497,10.852941176470589,4.364172335688936,249.55882352941177,62.672658789852605,0.19014705882352942,0.06006197413912586,7.98235294117647,3.885101323193999
Buxar,8.364054054054055,0.3925802073706964,294.56756756756755,84.6330446826312,25.732432432432432,5.289510272125287,15.597297297297297,22.23813649375133,39.74351351351351,22.01525282064135,458.72972972972974,131.4364334423148,0.3332432432432432,0.08000187685486072,36.9627027027027,20.138782188802978
Cachar,7.297058823529412,0.6696297395097478,74.90420168067227,38.05723921637695,27.04873949579832,2.6020156966858865,93.68739495798319,110.39054749098602,6.10436974789916,2.005201134784604,114.89075630252101,57.852991648172335,0.09100840336134454,0.10022073061018517,6.345294117647059,2.572244888943103
Chamarajanagar,8.22808,0.25992770707107454,341.416,145.95360420573775,24.86304,2.5975013502433697,15.07392,22.390094832457763,47.95344,45.37707206864036,555.8016,237.82250530527477,0.316224,0.250610540416284,54.05608,75.3671221304048
Chamoli,7.770612244897959,0.3182160853286944,94.52448979591837,21.01332003299748,14.881632653061226,3.602872477686266,0.4301020408163265,0.9040498742034858,4.291836734693878,1.027720274569088,181.96551020408162,33.14679313444717,0.2655102040816327,0.11474869402917502,2.5714285714285716,0.6564038234055642
Chandrapur,8.353636363636364,0.21698245385603232,305.3681818181818,79.18556498061182,22.55,3.5873786689288494,9.393636363636363,11.046719636100788,34.92636363636364,9.926921810076708,546.0227272727273,101.15617784405121,0.41363636363636364,0.09235260867460283,32.70454545454545,13.245764004739932
Changlang,7.76,0.29664793948382634,115.05999999999999,45.780650934647056,22.46,2.813894098931229,22.8,32.30634612580011,1.1800000000000002,0.5357238094391549,171.6,68.28835918368517,0.244,0.21030929603800208,6.22,5.947856756849478
Chengalpattu,8.363043478260868,0.19169268884472784,598.145652173913,135.25822826730226,28.608695652173914,1.9029598100452234,47.67391304347826,40.57588465405206,180.5336956521739,58.71614819938362,992.1521739130435,224.6785325641261,0.7580434782608695,0.3439807460065001,124.49782608695651,37.129918988034035
Chhindwara,8.273333333333333,0.13526629179869498,291.59999999999997,108.58632929190907,20.75,1.4222261679238193,1.5775,1.7811034628719764,19.669999999999998,7.842190092987126,474.175,95.56246053569554,0.32416666666666666,0.03396745322787505,19.981666666666666,8.241934716969547
Chirang,7.780263157894738,0.5385139052740813,177.4157894736842,64.6042025505905,27.060526315789474,3.068192484331841,58.11973684210527,110.64214251327962,5.1615789473684215,2.107105772580509,277.635,98.80357039587675,0.08552631578947369,0.03090503050288202,6.006052631578947,0.7555972739484262
Chitradurga,8.367894736842105,0.1726132139710833,400.0,129.7540408276795,25.026315789473685,0.4240572619393625,18.81578947368421,39.871302032050494,66.42473684210526,26.8822093934138,673.7894736842105,160.3286828665027,0.23421052631578948,0.07603477197774453,88.50368421052632,34.47027756883478
Chitrakoot,8.019558823529412,0.3495345895958917,447.2352941176471,144.220510852855,25.81441176470588,5.6368911147776775,37.5735294117647,62.654541157491856,78.95867647058823,35.650337165490726,691.0882352941177,224.21582987601164,0.3760294117647059,0.11341562326085773,75.93191176470589,36.34072655765659
Coimbatore,7.6946078431372555,0.1778233162975666,121.93029411764705,66.25247464768647,22.852941176470587,2.517845451825389,15.202941176470588,35.37577471672369,24.654705882352943,12.318167112105085,211.72039215686274,109.78293031233733,0.1991176470588235,0.2059900167780726,17.17843137254902,9.648409579616512
Cuddalore,8.324444444444445,0.2633966168685121,390.4222222222222,97.41049452930851,24.0,0.0,56.888888888888886,63.80917732670678,79.50111111111111,23.714948052043272,649.8888888888889,161.91004018006763,0.48888888888888893,0.1184740946836527,62.099999999999994,20.081957075942576
Damoh,7.983548387096774,0.1687512644317419,149.0,48.98094867735142,27.690322580645162,5.559577612175806,40.87096774193548,55.80247421962808,11.431935483870967,4.47688539005623,220.67741935483872,79.75812898874287,0.20032258064516129,0.12980713567873794,12.361935483870969,7.925115527803508
Darbhanga,7.945675675675676,0.288776798430967,287.9062162162162,233.47223124371013,24.216216216216218,5.947352971785633,28.298198198198197,50.99207778394599,34.104954954954955,38.08210691444746,455.47747747747746,364.47044641000224,0.3635135135135135,0.15423505466803614,44.38873873873874,44.261282508574574
Datia,8.151333333333334,0.21820117188601257,268.18333333333334,69.91920074463354,24.341666666666665,5.52842551732091,16.283333333333335,54.571083069191786,30.186833333333333,12.684880696200343,399.46666666666664,102.80233900040797,0.5489999999999999,0.16678109066494862,38.26833333333333,14.026987688588711
Dehradun,7.836300578034683,0.4489442195746792,95.38514450867052,51.18076234608939,14.402803468208091,4.557543891251467,36.62413294797688,113.65586140307514,7.328815028901734,13.397246008816841,162.92236994219653,80.98812993105479,0.2465606936416185,0.18133008755700336,4.622745664739885,3.606401430796857
Dharmapuri,8.344687500000001,0.26326712026552646,295.32,59.6257422216602,28.15625,1.9026191624755995,6.528125,5.548974585598037,60.00125,18.769155505432227,511.65,93.41002225706036,0.4578125,0.08921645931611065,45.0875,13.829112583195991
Dhenkanal,7.389647058823529,0.3341369670320515,126.35050980392157,68.28466879941769,27.207568627450982,4.950049666715362,9.005882352941176,15.730553696307192,28.520313725490197,12.686499764676682,213.30960784313726,121.41244816708193,0.4247450980392157,0.20655744497904183,11.69407843137255,8.212508789873258
Dhubri,7.695942028985507,0.5476697127256528,102.17231884057972,41.79244500205493,26.665652173913045,3.438735864794807,83.67695652173913,128.58486053855125,5.435797101449276,2.7875270538371155,155.48260869565217,62.24883404653819,0.09246376811594202,0.045094860705662314,5.369420289855072,2.4843266835822413
Dhule,8.2,,540.0,,26.0,,1.2,,76.5,,832.0,,0.6,,40.2,
Dibang Valley,7.459999999999999,0.531977443130815,103.05999999999999,41.383668276265695,24.5,3.206243908376279,20.2,37.95655411124672,1.7600000000000002,0.7956129712366434,154.0,61.92333970321691,0.48200000000000004,0.31641744578957715,2.5200000000000005,1.373681185719598
Dibrugarh,7.6571428571428575,0.42139225025079524,117.62380952380951,36.58584295546441,22.90952380952381,2.7429737078405916,54.76190476190476,60.98106653864358,2.4333333333333336,1.2701705922171767,175.57142857142858,54.43397048587531,0.17523809523809525,0.04895089862495352,5.961904761904762,4.244346379653313
Dima Hasao,7.031818181818181,0.3974372449033477,79.74545454545455,29.040467063611896,27.754545454545454,2.413447176286913,144.63636363636363,165.99895947099955,10.94909090909091,8.225024564760222,122.56363636363636,44.46309194663081,0.085,0.03008321791298265,9.026363636363635,7.041849576250933
Dindigul,7.963333333333334,0.13428824718989188,984.6666666666666,366.59559917343984,26.333333333333332,1.7559422921421235,4.333333333333333,1.5275252316519468,431.90000000000003,166.93792259399902,1758.6666666666667,655.0552139578261,0.4633333333333334,0.11930353445448852,226.23333333333335,86.82109958606452
Doda,7.8043137254901955,0.4155490580037972,119.03627450980393,44.62408085152161,11.519803921568627,5.073456608741648,5.027450980392157,6.785575242567797,8.122549019607844,3.5112196417411754,190.07803921568626,41.290466794145495,0.17880392156862746,0.10781224784000064,5.685294117647058,3.6541222491543315
Dungarpur,8.283257575757576,0.4733581446941376,309.52272727272725,59.95564084255193,26.224242424242423,5.074665727525842,4.333333333333333,11.056183145671751,75.64060606060606,22.364059933945875,504.0168939393939,98.08652027544046,0.4431818181818182,0.20527143892018596,56.13318181818182,16.759378157048808
Durg,8.0525,0.41638094529295366,166.4848484848485,65.94826272515007,25.925757575757576,3.9355809141245666,31.878257575757576,61.65965773175578,30.11409090909091,20.449993447228106,323.8333333333333,125.3317835971537,0.3181818181818182,0.13700625818334652,29.890681818181818,22.722053221155225
East,7.539180327868852,0.4028825100943086,595.6473770491802,290.8683158286675,25.314754098360655,5.831147287500513,113.05688524590164,216.69177604407741,114.66196721311475,73.97986741494095,946.3147540983606,460.9965519885753,0.3498360655737705,0.13926583456682987,93.10770491803278,58.957412974492094
East Godavari,8.156666666666668,0.1842617186297279,194.4,50.8229419511644,29.533333333333335,1.0600988273786194,30.0,41.93282042233063,22.724,6.261219415691208,285.1666666666667,79.43045175917524,0.22733333333333333,0.038999389494611084,19.70266666666667,6.8658029045268645
East Kameng,7.400000000000001,0.5,37.93333333333333,12.231652927275748,22.46666666666667,3.666515148384542,7.666666666666667,7.505553499465135,1.0,0.5,56.666666666666664,18.230011885167087,0.20666666666666667,0.060277137733417085,3.266666666666667,1.8502252115170559
East Khasi Hills,7.1255,0.8496716083907142,78.215,66.0946711364205,27.27,2.8939319455134327,18.5375,24.093961435006467,5.32,1.9494479650457595,117.275,97.29931505681999,0.0617,0.0361591511311634,2.65,1.7578306007839979
East Siang,7.400000000000001,0.9000000000000004,120.23333333333333,37.60935167392989,22.900000000000002,2.7221315177632386,36.0,55.50675634551167,1.9666666666666668,0.057735026918962595,179.66666666666666,56.21684207898317,0.16333333333333333,0.06350852961085884,3.5,1.0816653826391966
Ernakulam,6.792181818181818,0.2661362148383507,29.635636363636365,5.048776075973251,27.312727272727273,1.1872867520737487,5.505454545454546,8.945191511558106,5.1,1.212435565298214,45.821636363636365,8.55864426864277,0.039618181818181816,0.08934649382933814,2.8505454545454545,0.5732991533151948
Erode,8.140769230769232,0.2958131803449318,618.4456410256411,608.4167483417365,28.85042735042735,2.032351446478715,7.7837606837606845,6.169208260621751,180.0971794871795,217.88231999235734,1041.068376068376,998.7495050837817,0.6622222222222223,0.4115280840777145,133.36837606837608,163.38980872365903
Etawah,7.790155038759689,0.38628839715320656,597.2403100775193,287.93154501096814,24.18449612403101,5.30544310137598,36.883720930232556,66.1285003689522,127.50310077519381,91.93399666845272,921.6174418604651,459.0275220103214,0.4069767441860465,0.13092581780321957,112.27713178294573,68.12783642253225
Faridabad,7.847611940298507,0.31339823418233,844.1194029850747,317.28189943444477,24.916417910447763,5.82951209078805,109.84328358208955,173.5894456398187,174.80089552238806,73.82040507370908,1328.2294029850746,526.8313614744015,0.6311940298507462,0.2554053367187603,138.8228358208955,58.36931522656481
Farrukhabad,7.910671641791045,0.2669211754930804,169.97761194029852,84.40000235344671,24.323880597014927,6.1542231860105385,15.828358208955224,6.3560120369284006,17.02007462686567,12.070946944824373,314.8955223880597,135.29657029905624,0.21365671641791045,0.08314803398790806,12.88955223880597,10.915652475731115
Fatehpur,8.0384496124031,0.29098284317014256,218.94573643410854,94.91997534745383,23.572093023255814,7.037688460444884,24.767441860465116,52.15444486509318,19.25961240310078,10.97541516890568,368.06953488372096,163.08687239216093,0.3236434108527132,0.14561259595507248,21.91914728682171,14.321367723997232
Gadchiroli,8.141428571428571,0.32551627695223856,200.72642857142858,110.65988199464512,21.642857142857142,5.049490518592395,3.704285714285714,3.5098194831405225,25.405,35.61063620761515,372.46785714285716,197.5118750364729,0.3192857142857143,0.14202056636220428,23.285,17.814633913765434
Gajapati,7.603020833333333,0.27370410373888937,166.81572916666667,46.36414612368602,25.974062500000002,4.525556337564884,11.63125,19.654742631098905,30.944270833333334,14.7540308672288,281.3197916666667,76.78993028802898,0.2925,0.09077444574328171,16.2296875,5.150161663916356
Ganjam,7.760363636363636,0.3000668439943751,157.6668484848485,74.60960485318799,26.925454545454546,4.306300751698588,29.23351515151515,88.74562527731187,24.779999999999998,18.64130811645693,279.2012121212121,133.3867387399983,0.3218787878787879,0.12501506191591027,17.21739393939394,8.763714958529476
Gaya,8.090769230769231,0.35997692233723066,166.92307692307693,41.0199201139379,26.807692307692307,3.805461662077081,40.04230769230769,82.6735854941682,20.426923076923078,8.270745924875587,252.57692307692307,51.50314404144514,0.5061538461538462,0.15173864169886123,29.74423076923077,13.252252087272389
Goalpara,7.448273381294964,0.5355681367192401,81.55525179856116,49.09866331795655,25.244604316546763,5.553601425343328,101.86093525179857,154.46420856894034,4.921870503597122,1.621555689045055,119.55107913669063,62.201230668316455,0.11143884892086331,0.040100618938429436,4.821942446043166,1.4189335032053516
Golaghat,7.692777777777778,0.5289915533277101,133.84722222222223,44.08749408755997,24.316666666666666,2.989266512995167,51.666666666666664,52.48509992641449,5.6066666666666665,2.8352888489786814,202.31666666666666,65.6010648868272,0.1688888888888889,0.06350603020986177,10.41,3.0813967148495687
Gomati,7.291538461538462,0.4892655406124257,88.96153846153847,51.94098475612392,26.77692307692308,2.6836398933022068,94.6846153846154,111.2412981327367,11.498461538461537,18.194254975199293,138.2,78.64555507677044,0.1,0.02645751311064591,10.279230769230768,10.989802441004464
Gondia,8.07625,0.4448093492080143,174.975,49.24935822642043,22.75,3.615443067098218,7.06875,12.416492991754383,13.02875,8.276609791627074,321.7375,81.06855894858377,0.2675,0.11949297648218254,14.688749999999999,1.4912165455473878
Gorakhpur,8.102631578947369,0.18190888280001308,215.16666666666666,61.393569188789,26.113552631578948,4.912817104748221,13.37719298245614,4.734148790771831,11.923157894736843,3.309425949606455,392.9780701754386,99.89873485793159,0.15561403508771932,0.05609989654586641,9.999561403508773,3.2915925180044754
Guna,8.065833333333334,0.3042441334744567,388.6666666666667,242.31181253243437,24.665000000000003,4.436744791829487,135.47041666666667,216.58488171332587,60.63958333333333,72.44253299530162,617.0375,384.615589921768,0.1875,0.05899520982765206,42.08958333333333,35.6156010611821
Guntur,8.128571428571428,0.14722338562444892,647.0,152.59650162337374,24.857142857142858,1.4064216928154862,5.642857142857143,3.15270684326349,115.99214285714287,50.864581326464126,968.3857142857142,200.7068043656749,0.8200000000000001,0.2680126288643303,88.17857142857143,17.1901778113786
Hailakandi,7.445,0.6184140178196946,100.15350000000001,45.36974850870997,26.5905,4.12086868487079,143.45525,196.6380049082447,6.10625,1.8554710335680953,153.79500000000002,69.85289653154086,0.10727500000000001,0.05360060633985403,10.7725,13.867365444055128
Hamirpur,7.979747474747475,0.25696675972336946,344.57070707070704,166.4414122329431,23.21828282828283,4.829659958057612,25.651515151515152,43.38126069420472,46.03459595959596,42.2155933683276,524.1616161616162,256.52843252121386,0.37752525252525254,0.128625837054838,55.08060606060606,39.124472648675
Hapur,7.788358208955224,0.28350937676185434,134.82089552238807,34.889837616172095,21.02238805970149,6.297902991437088,15.402985074626866,4.929993857923943,10.231641791044776,2.616681102265677,251.62686567164178,60.38383182680397,0.18761194029850747,0.05870030592658925,7.492537313432836,2.2194261770567616
Hardoi,7.861492537313433,0.3418676588324575,239.91044776119404,94.9075676874185,23.917910447761194,5.872275006284587,21.37313432835821,32.17746050062934,15.974328358208956,8.228559140390916,444.97014925373134,147.99109004191965,0.2862686567164179,0.12537018906320596,13.532835820895523,6.063586998701234
Haridwar,7.662564102564103,0.5216047437943431,211.78927350427352,151.27196109251264,17.462307692307693,4.054480885706407,1.5675213675213675,2.3297922713062773,28.85273504273504,29.040622403264386,408.1335042735043,289.18339698901315,0.38508547008547006,0.122145489317075,23.12371794871795,24.894133378679214
Hassan,7.854431818181819,0.28346169488580375,128.93295454545455,89.76846817909274,22.02840909090909,2.848917543354172,10.110227272727274,16.37035847254056,18.698863636363637,12.375330246150957,187.38636363636363,90.6461795672044,0.14170454545454547,0.14619944569689014,12.92528409090909,6.743349733857566
Haveri,8.003571428571428,0.2929594813825944,278.14285714285717,143.717578145616,24.782653061224487,0.8221201545368448,30.59908163265306,50.49715131470768,53.87255102040817,33.31226953650303,442.83673469387753,221.34866342853527,0.26885714285714285,0.18508994748444285,40.22081632653061,25.249041491390475
Idukki,6.69939393939394,0.20882018870818297,49.663636363636364,22.164890849350833,24.939393939393938,1.708240943547522,3.4727272727272727,3.1719742203469203,7.384848484848485,3.3938474859038323,73.71212121212122,32.80672337318752,0.03,0.01905255888325765,4.262727272727273,2.0061674791864847
Imphal East,7.198571428571428,0.7373221521451505,81.45,37.55944519128209,26.771428571428572,3.032751624776157,67.85714285714286,54.18324626509725,6.992857142857143,2.521850445670732,124.88571428571429,58.85001610538774,0.08264285714285714,0.03373107935251575,7.473571428571428,2.314910223023636
Jajapur,7.483148148148148,0.1984451264305906,96.325,25.942437059112965,26.416666666666668,4.3052732036992225,10.596296296296297,17.549788613068316,25.499074074074073,7.570271864841913,162.2314814814815,39.200865527959444,0.29333333333333333,0.08149545652342997,8.431296296296297,2.9955904991927635
Jalaun,7.9962,0.23150493010585452,323.66875,166.05534460927186,24.843000000000004,4.385282718663992,21.814,45.667100018729066,44.7188,42.90210870360662,497.4007,258.6890314887216,0.38115000000000004,0.1257147504967588,49.8271,35.39260355671241
Jammu,7.990309734513274,0.43859005571431353,148.88305309734514,54.32916310349403,16.408938053097344,6.849605453400702,4.801327433628318,5.399666492487152,9.552787610619468,6.52759610127319,244.0821238938053,89.20722941258197,0.19169911504424778,0.10527364426574752,7.159823008849557,3.283949108362169
Janjgir - Champa,8.13614537444934,0.45374661658755067,144.3081497797357,83.04143842628737,25.85770925110132,4.198304087758737,22.822070484581495,51.17378714367706,21.032422907488986,20.437819136840474,278.2638766519824,140.07534670324156,0.45929515418502204,0.24493353808331664,21.31385462555066,16.940931358922914
Jaunpur,8.405079365079365,0.42604365228318297,308.26190476190476,85.22273673816665,26.883333333333336,5.8816290260437185,5.923015873015872,4.215460358222579,32.136587301587305,10.597320050858023,473.44444444444446,135.40508442776027,0.3974761904761905,0.24466531308825007,32.92809523809523,14.864720311625684
Jhajjar,7.67,,876.0,,26.0,,3.33,,184.88,,1391.0,,0.47,,148.34,
Jhalawar,8.249772727272727,0.2536018545560138,280.59090909090907,154.62111504499953,28.425,2.6887470065285584,44.94886363636363,136.88342450176285,29.201590909090907,28.300556321525242,436.39090909090913,253.26255226651588,0.32,0.1391502450507164,23.5475,22.74402739131186
Jharsuguda,7.785681818181818,0.36380033961445696,79.96363636363637,27.538591027350524,25.488636363636363,3.44135018858985,25.10727272727273,39.25376920806676,9.463863636363637,4.160793873215919,149.36363636363637,38.64776590858981,0.3054545454545454,0.08803948758487404,12.611818181818181,8.87845007234391
Jorhat,7.65,0.39832461636208216,106.61176470588236,34.76517442702073,24.794117647058822,2.8979455197249857,50.39058823529412,56.02631976029082,4.443529411764707,2.1606652366125303,162.09411764705882,51.945229215350416,0.12411764705882355,0.0861001468878982,6.021176470588236,2.567457113451316
Kalaburagi,8.239374999999999,0.10554422453802635,416.6875,217.9641312234653,24.6875,0.8732124598286486,10.5625,13.754847630320494,45.840625,29.91147972908284,586.7375,228.62624776404536,0.51875,0.12595634164265015,41.6375,20.93169829071051
Kalahandi,8.117076923076922,0.274241699264326,103.3876923076923,45.134180187013996,23.613846153846154,4.225365255035535,48.97092307692308,85.56229426058312,12.69,17.287237163584006,197.53076923076924,83.0373540249299,0.3069230769230769,0.09777082701595918,12.21846153846154,4.9063843073238615
Kannauj,7.980862944162436,0.2810598863076831,209.0203045685279,84.91802526079182,23.390355329949237,7.32128281218214,17.80203045685279,21.088162748355025,24.78329949238579,15.927643431540517,389.2741116751269,139.41472409958348,0.23081218274111676,0.08918766189612244,18.45837563451777,10.61977330751823
Kannur,6.861136363636363,0.3330284987392458,30.3525,7.676938926360544,27.34090909090909,0.9053633940381458,6.579545454545454,10.924978410823318,5.957272727272727,1.9315138822639704,51.744090909090914,9.8578719148312,0.21481818181818182,0.2655147937653291,3.3625,1.1520782535598793
Kanpur Dehat,8.07060606060606,0.253910213009237,262.5,64.0346660921915,22.651515151515152,5.905648988611664,31.46969696969697,56.52398257430739,24.627727272727274,14.248116830542315,411.9848484848485,132.57038681095966,0.3753030303030303,0.11182706012093574,32.925606060606064,14.544433471663824
Kanyakumari,6.960416666666667,0.24121935113568044,127.72500000000001,52.06544585590248,25.6875,2.27850303641591,6.258333333333333,7.519766223624974,20.841666666666665,6.486636206491182,187.70000000000002,73.69324197674761,0.081875,0.06445106839604216,13.555416666666666,4.771570682213807
Karaikal,8.001111111111111,0.22744264932100658,329.65555555555557,84.1511750005207,26.022222222222222,1.5252374262222943,99.44444444444444,90.32052272544055,67.13277777777779,33.64736479693139,549.6111111111111,139.86958778555683,0.5188888888888888,0.1283917615910166,58.486111111111114,22.665633554887545
Karauli,8.19723076923077,0.4644906743288411,377.10769230769233,109.16760667044895,25.560000000000002,5.5321729455974165,74.88569230769231,188.1928323801915,65.17861538461538,27.473649356981753,595.0583076923077,180.46305159894598,0.2869230769230769,0.10786164571053333,50.33076923076923,19.298348642734652
Karbi Anglong,7.5521052631578955,0.5175574541535741,125.13157894736842,43.52850017137364,24.681578947368422,3.3730934765741334,104.66263157894737,194.23971782845246,7.105263157894737,3.315001721773721,190.02894736842106,65.5800847649722,0.15157894736842104,0.06140368488764286,10.614473684210527,4.998277377510377
Karimganj,7.25754716981132,0.6538757399606929,77.62075471698112,41.161218484293634,26.790754716981134,3.674866742249932,94.21169811320755,128.91958981258657,6.073018867924528,1.9855425386312122,118.86415094339623,63.25822261644854,0.08869811320754718,0.037645402674501956,6.6499999999999995,2.5455458837258944
Karnal,8.136461538461539,0.3783575969289449,215.95153846153846,129.92845806960906,22.855384615384615,5.743448190363052,166.8386153846154,209.70166548185873,12.97846153846154,7.318809293263068,318.89230769230767,80.31973276321233,0.30938461538461537,0.13749860139148826,10.545846153846155,6.145807740928895
Karur,8.096,0.2665145399410691,469.8,384.7683718810579,29.0,2.23606797749979,55.0,112.05578967639289,158.144,184.1901888809499,820.0600000000001,691.2655842727887,0.642,0.30841530441921977,92.152,93.08851980776147
Kasaragod,6.997272727272727,0.28433818413964523,71.91090909090909,231.43951362920248,27.704545454545453,1.6226528014843173,13.015454545454547,17.886401155632495,29.41818181818182,139.15102766039107,133.9309090909091,455.11700820480644,0.20702272727272727,0.225618889263264,15.426590909090908,70.27139726911892
Kasganj,7.4909375,0.32117699590477006,371.8125,173.87533163844998,24.4284375,6.130719737842226,18.0,8.339997335464536,67.44859375,38.45686492546986,679.875,295.8130308258059,0.274375,0.11622194148498671,44.0765625,21.521548759601497
Kaushambi,7.8748387096774195,0.26002989699158663,218.51612903225808,44.13939986945378,25.969354838709677,5.638351948193505,5.754838709677419,3.571961734019089,28.866935483870968,10.009970371995534,333.14516129032256,69.08817050748934,0.23441935483870968,0.06111144036789874,19.175967741935484,9.791816499485583
Khagaria,8.069714285714285,0.4112283301230573,142.73714285714286,115.64578547218655,22.534285714285716,4.349167794440872,53.05142857142857,75.17327971555635,15.441714285714287,26.336706489982685,221.4857142857143,177.68997645081853,0.24399999999999997,0.06390249926070736,23.211714285714283,28.538959695549543
Khammam,8.096666666666668,0.2973600317893229,461.4,178.59153936016813,24.4,2.1591824761972394,20.503333333333334,47.814422029582126,66.51833333333333,39.14380684562778,702.8133333333334,280.20614053835845,0.6883333333333332,0.29447888904292274,61.409666666666666,33.559044156719416
Kheda,7.80109375,0.32124320603031425,1065.015625,402.5017595224284,24.890625,3.3291268100600058,21.8125,13.193162009523109,400.204375,186.90356700270155,1692.43890625,685.3350514063076,0.6546875,0.14679614144403502,303.23203125,143.09935805852137
Kheri,8.09046875,0.16404054558321307,185.1875,47.33127929815547,23.59375,5.664477868595616,13.65625,5.451718092375115,8.3740625,1.8706103907887892,337.15625,90.16831153327593,0.14765625000000002,0.0536224955015106,6.359375,1.9057739127055984
Kodagu,7.83593220338983,0.2947478094684343,88.84745762711864,30.570333579289514,23.71186440677966,1.11495859607102,10.45084745762712,25.513851227163777,12.35593220338983,5.336157444377595,132.52542372881356,44.30978561345632,0.11866101694915254,0.19594964256062744,8.431016949152543,3.6922218779834313
Kokrajhar,7.521159420289855,0.4738128702094632,83.07391304347827,41.412816473725194,26.461449275362316,3.742382567359652,76.52710144927536,120.81156933668437,5.247971014492753,1.630872718110428,129.8057971014493,67.40269868060784,0.07434782608695652,0.03474606456215645,3.941739130434783,1.306869808225813
Kolhapur,7.522,0.33080798667902994,208.2875,123.7370828190036,25.1725,1.0986729624783775,31.113375,28.966689815112407,55.003750000000004,37.16663953897705,298.33775,175.84723340484842,0.0767625,0.03490320929352114,40.1175,28.01011921575866
Kollam,6.817575757575757,0.16311480433712763,32.24363636363636,6.033710414300338,26.23939393939394,1.2376740771350565,5.975757575757576,6.184659969585551,6.345454545454546,1.860122796533018,49.65363636363636,9.003471489577587,0.042121212121212115,0.09616741833118349,3.617272727272727,1.0259546552092127
Korba,7.736102564102564,0.4391418409087097,88.56974358974358,44.289631997920644,21.93697435897436,5.321458947919331,91.72215384615384,163.73351269316302,12.994564102564103,7.774132244461426,167.75384615384615,70.38619258252909,0.42687179487179483,0.37087380655141583,12.964461538461538,9.461412303434143
Kota,8.416701030927834,0.30592498538509305,389.5,157.31511065835593,25.483505154639175,5.011151924336518,41.2739175257732,110.90112619261846,65.00144329896908,39.35595063971694,609.5122164948453,253.30952816833567,0.38305154639175254,0.22389451490799503,50.02788659793814,29.619554302264465
Kottayam,6.603548387096774,0.20234538767656288,33.081935483870964,14.318550769160694,26.94516129032258,0.9939278007573192,4.396774193548388,3.6163041788514554,5.518709677419356,3.10495060823355,56.12903225806452,25.82137400873402,0.15938709677419355,0.28428503037378466,3.3819354838709677,1.8160844682169728
Kozhikode,6.703461538461538,0.28043303080452975,24.600576923076922,5.520498845554696,26.765384615384615,1.97304230253733,8.775,16.310538816071904,4.642307692307693,1.2215942899962464,41.308461538461536,10.334919559077823,0.11492307692307692,0.19879261498038367,2.8042307692307693,0.8101279157139349
Krishna,8.15531914893617,0.40175079374846406,519.3829787234042,160.0238505581467,26.095744680851062,2.8258094220801135,6.689361702127659,6.433682901004316,103.19808510638299,44.750229032122085,795.6404255319148,199.87395012593666,0.7587234042553193,0.2058135186044227,69.95,29.469722413528686
Krishnagiri,7.685818181818182,0.27333801424915305,679.5667272727272,90.62626142273153,23.354545454545455,2.406920437668432,50.263636363636365,44.70923081272278,182.3432727272727,30.056258795708633,1164.5890909090908,160.69915032701616,0.43981818181818183,0.08222577114918075,134.1509090909091,22.698954721628603
Kumuram Bheem,8.203,0.27463308856241786,295.78000000000003,50.347631523240494,22.47,3.7783153212333507,3.493,5.532536187560518,14.927000000000001,2.8557701821633565,561.12,97.90578010402541,0.6317,0.08053991419028068,40.095,10.449558470204481
Kurnool,8.26258064516129,0.24886365399465252,592.8387096774194,321.4422806429581,24.80322580645161,2.9147308476047153,10.774193548387096,10.704234917138653,100.05741935483871,52.148704296319245,852.8387096774194,432.5250741690547,0.5277419354838709,0.2085938586091699,85.93612903225807,59.07038522967998
Lakhimpur,7.545454545454546,0.2841254524453462,85.85454545454546,33.890628900519495,23.69090909090909,3.4578763845616414,85.81818181818181,103.99886363015528,1.2181818181818183,0.5510320894796995,127.9090909090909,50.353658348633516,0.16090909090909092,0.12501636256542945,3.5181818181818185,1.7313683500735375
Lalitpur,7.984339622641509,0.19593473632782654,200.67924528301887,114.52926626058807,24.22641509433962,3.688034234750386,9.928301886792454,26.38828686367153,15.583584905660377,2.916184344666069,278.79245283018867,35.20345180330937,0.2116981132075472,0.07787405633596921,16.004905660377357,3.7487631922672993
Lohit,8.216666666666667,0.7305249254246338,115.76666666666667,38.152413641428595,22.25,2.552449803620042,4.666666666666667,5.316640543300503,0.9833333333333334,0.6794605703546502,172.5,56.62419977359504,0.2733333333333333,0.17247221998532594,2.65,0.6090976933136423
Lower Dibang Valley,6.8,0.9899494936611668,56.45,16.33416664540925,23.45,3.6062445840513933,35.0,49.49747468305833,1.45,0.6363961030678927,84.5,24.748737341529164,0.05,0.01414213562373095,4.8999999999999995,4.525483399593904
Lower Subansiri,7.325,0.4924428900898053,40.725,15.632311622618925,23.325,3.283671725370855,35.75,27.825348155953055,1.375,0.47871355387816905,60.5,23.515952032609693,0.18,0.023094010767585032,3.65,0.8386497083606084
Lucknow,7.795151515151516,0.36252460413295107,307.3636363636364,127.78701780581885,25.196464646464644,6.360884402501943,18.828282828282827,15.764794295148066,33.39116161616162,15.111032785411055,558.664090909091,211.04462105217866,0.2918181818181818,0.10111423540606722,27.401515151515152,12.946945535835514
Madhubani,8.163382352941177,0.39483459712507224,188.5,54.0683646849199,23.086764705882356,4.77430637024319,28.991176470588236,44.26328196076905,14.316176470588236,10.263609244055521,290.6470588235294,79.57288308565708,0.23426470588235293,0.06467637406811526,16.923382352941175,13.654075943888516
Malappuram,7.103,0.4576150991252018,38.792,9.929326897206021,26.945,1.9648155129680747,37.8895,41.995559849884884,5.865,1.8362648014522938,69.7935,17.581980391118748,0.25125000000000003,0.24997913070789265,4.2245,1.1469615466412482
Malkangiri,8.073846153846155,0.2302005814334701,113.23076923076923,44.11944742430078,24.46153846153846,2.757274760078164,49.97692307692308,63.27329813128328,15.739230769230769,9.53998118581169,150.90769230769232,49.616688414592616,0.09692307692307692,0.023232382351872347,9.143076923076922,5.652464631490975
Mandsaur,8.13,,218.0,,26.0,,200.0,,45.7,,345.07,,0.38,,36.81,
Mandya,8.292429906542056,0.19591989661495265,282.7140186915888,109.24027563353275,25.69345794392523,2.463211243058861,5.187009345794393,8.531969979220914,35.11214953271028,19.425876101660172,467.05607476635515,165.90823968618295,0.2504018691588785,0.16332591908674474,36.262056074766356,22.522434129749414
Marigaon,7.6255319148936165,0.5540090776424809,114.835,42.38854391668041,26.142553191489363,3.046820636624989,100.28500000000001,155.42288234507689,6.851382978723404,5.382568560024393,177.89255319148938,63.35939515732012,0.15425531914893617,0.05638747214065531,7.334574468085107,3.316369197734956
Mathura,7.8346875,0.3027173534051717,830.40625,281.86478946380237,25.90625,6.062530520813028,64.27187500000001,108.51659376686665,175.28802083333335,77.51705783917284,1266.6853125,471.8170250535982,0.4471875,0.20754050016930745,131.09822916666667,57.79304084849102
Mayurbhanj,7.5541,0.2987316453936474,164.7341,49.85661712249429,27.04,4.417412744303543,5.367000000000001,10.061407968223453,33.8755,11.800919359408942,278.9488,81.10432639607836,0.365,0.17504112070994612,18.403499999999998,10.341209058808348
Mirzapur,8.202131147540983,0.2382023982113978,313.75409836065575,85.1079032244176,27.40655737704918,5.5015412644233646,7.916393442622951,5.48948055611424,51.33327868852459,20.3485640542776,475.3213114754098,147.40299987308498,0.3361803278688525,0.11710187988766042,40.517377049180325,20.675972439979642
Moradabad,7.761287878787879,0.31739734844279865,207.68939393939394,83.05779580451613,22.009393939393938,5.797294678044676,15.545454545454545,6.362297866569616,21.824924242424242,14.29049812411864,374.17424242424244,144.44019318672568,0.1653030303030303,0.09937544963796224,16.896212121212123,10.387297037291301
Mulugu,8.1,0.27878306978724515,179.75,70.7111495216042,26.25,1.6532795690182995,21.625,23.044522125659274,24.12,16.5915858193242,247.98,111.88942476093679,0.22187500000000002,0.07652613932506983,16.828125,7.642697794845309
Munger,8.132631578947368,0.36290252908189435,239.05263157894737,129.96643741289967,23.45263157894737,6.026088506656577,8.047368421052632,13.102135891230889,34.43105263157894,24.13806811167254,375.4736842105263,196.3631466953943,0.4757894736842105,0.22186872468681124,39.08052631578947,17.070877564399364
Muzaffarpur,8.12311475409836,0.37030861446279545,240.39344262295083,74.02776026341391,25.67377049180328,4.6529883458319645,7.139508196721311,12.180877695008888,15.640983606557377,6.891289116200257,373.08196721311475,110.51912279208628,0.2378688524590164,0.06488746037302742,24.131639344262293,13.770722225108342
Nabarangapur,7.822500000000001,0.3052309110999559,95.25,22.951034835057005,24.5,1.9771421064483223,50.975,69.64296120538346,11.012500000000001,3.5022126123092794,233.4333333333333,348.7507349834766,0.12833333333333333,0.03785938897200183,10.2275,4.290685736675326
Nagaon,7.577083333333333,0.5222732848403899,74.235,34.36824381036505,25.066666666666666,3.1710191293715932,50.72833333333333,50.59273840888774,5.37375,1.906304899423284,123.7,62.27065049478348,0.16375,0.05289961781730932,6.6675,1.9309723840143564
Nagapattinam,8.026923076923076,0.20753350053944006,324.6923076923077,66.22047371063981,27.96153846153846,2.323458959926243,60.26923076923077,61.583476804940275,63.90615384615384,15.023780902801555,542.3076923076923,110.16633577668604,0.5038461538461538,0.12403473458920847,53.79230769230769,14.641145394453895
Nagarkurnool,8.263333333333334,0.1624661136829402,451.3333333333333,113.41495660164215,20.266666666666666,1.0327955589886444,13.0,13.288018233409696,78.852,28.3856143646239,667.24,123.42205058833119,0.7260000000000001,0.08322087650171853,60.74933333333333,13.973687756773783
Nagpur,8.045555555555556,0.3454106204679093,378.9111111111111,175.8793366082316,22.98888888888889,6.011546623827974,33.38444444444444,75.21106381551479,53.43277777777777,30.445143494789125,664.3055555555555,393.2215817071355,0.48500000000000004,0.22104697398037898,44.102222222222224,28.639817522331015
Nalbari,7.787951807228915,0.5900697747830741,143.49156626506024,57.364436600922765,26.13855421686747,3.1449468305754613,83.59939759036145,155.94435931078812,6.168795180722891,3.7575437610324722,209.79397590361447,68.7364893143933,0.14710843373493976,0.06061735484572472,11.42855421686747,13.629857481184112
Nalgonda,8.195967741935483,0.2838058657500962,606.8387096774194,182.7479849902042,26.032258064516128,2.531394625889665,5.129032258064516,4.385086016943287,106.32225806451612,42.679160016752796,914.5629032258065,260.4611781486459,0.8532258064516128,0.3044574545288577,85.72129032258064,29.494858261763937
Namsai,7.720000000000001,0.40865633483405017,103.35999999999999,13.858138403118943,22.72,2.857796353836292,8.2,5.403702434442518,1.1,0.4183300132670378,121.13199999999999,69.5664223602163,0.144,0.08876936408468859,6.12,1.7282939564784687
Nanded,8.19516129032258,0.18699146090560595,425.3225806451613,88.9563140336402,24.677419354838708,2.599834568765145,12.503225806451614,17.111487055405554,67.9767741935484,22.300620079136333,619.1870967741935,89.05542746677669,0.24838709677419354,0.060613352445015395,47.026774193548384,11.520340963442813
Narmada,8.221875,0.15820740606347583,188.375,8.212794895770866,24.375,3.9475730941090044,0.8575,0.22335323294429088,16.494375,1.2247283712453698,308.59375,10.78823240078435,0.23625000000000002,0.023057898140695025,14.619375,0.9711400087869234
Nashik,7.8082142857142856,0.45868615568598675,285.17857142857144,112.90869912732295,24.7,1.7863681342632356,5.385714285714286,7.494625940593566,30.064999999999998,10.138807549141,410.02500000000003,149.94276346264536,0.2935714285714286,0.16067483348801737,21.266785714285714,7.794756572623356
Nilgiris,7.4740625,0.19305455312908582,70.5984375,18.573002625103374,23.234375,1.800467569200273,60.753125,102.19245911316929,15.3053125,4.339110198940376,123.953125,32.79845899581259,0.145625,0.19919090373064796,9.028125,2.5327830383502725
Nizamabad,8.243,0.15017575909809708,327.1333333333333,93.733935022022,24.433333333333334,2.269487764374083,16.07,34.13140075123462,36.24466666666667,13.163457184853499,464.6333333333333,106.80482145042643,0.49166666666666664,0.12362577940435136,34.64366666666667,7.842780771504775
North,7.6693750000000005,0.4072083628729286,837.1025,370.62277320619097,24.7390625,6.140591388393008,116.00640625,199.5144016233764,176.4453125,92.5587886965909,1284.06625,628.7539997903639,0.511875,0.1616568480081698,137.61453125,69.16823265994726
North Tripura,7.29,0.5788075516250475,88.68333333333334,53.488330644651036,26.499166666666667,2.4949492920091525,67.0425,80.41406617399946,6.510000000000001,2.4705244198531835,136.83333333333334,82.16401925786043,0.08116666666666666,0.019492811417794433,7.593333333333334,2.656820838840468
North West,8.052307692307693,0.3372812681518993,443.44615384615383,316.880105026394,23.315384615384616,5.672142198092765,152.30676923076925,230.1185984518886,83.71015384615384,89.21062010230878,692.5861538461538,505.01333641948355,0.4786153846153846,0.18151168112442623,69.79738461538462,103.36662483118224
Palakkad,7.383698630136986,0.3925327546464369,152.53671232876712,109.35457856409117,28.054794520547944,1.8789803008761616,8.227397260273973,16.531848557943245,22.484931506849318,17.11933337903277,245.51780821917808,161.70930034278055,0.2741095890410959,0.22478894803075447,14.045479452054794,10.632093062606865
Panna,8.02962962962963,0.16738903285188117,154.85185185185185,43.86579507096591,27.62222222222222,1.5726834816113928,39.629629629629626,52.89041511839373,10.794814814814814,2.960120021436722,226.7037037037037,61.12648602240517,0.1988888888888889,0.09187505450896692,10.81037037037037,4.636698495101114
Parbhani,8.205348837209302,0.23262834488482662,462.6279069767442,105.14299180861904,23.45813953488372,4.340464785192368,10.26046511627907,13.067865704246826,64.30837209302327,18.873886713334223,649.446511627907,107.35532534717909,0.2513953488372093,0.06724445083668835,49.41348837209303,11.972473763500956
Patan,8.356,0.5823362907766916,155.7,37.86247042477111,24.990000000000002,8.955377031581516,20.2,12.708702180439634,21.05,6.18224339001089,238.6,41.49216793564781,0.259,0.05342700108039422,14.434999999999999,3.8670265637107337
Patna,8.425608108108108,0.3863279533671602,215.29054054054055,69.52807423759717,23.89391891891892,5.249712999623422,20.94358108108108,41.03974773181896,22.854054054054053,12.287907713270284,330.05405405405406,102.7894475501767,0.3240540540540541,0.10756954932803477,23.737297297297296,13.33281842175448
Pauri Garhwal,7.724610169491526,0.3656218734129544,85.00877966101694,24.948841940097456,15.402033898305087,4.784434363194643,1.2657627118644068,7.388462969085224,5.180440677966102,1.6246094692544966,162.61050847457628,41.623418538474326,0.24037288135593218,0.1014194996454637,3.9302372881355936,7.72521212164787
Pilibhit,8.118769230769232,0.14827663854586676,190.24615384615385,57.540754787702106,22.18769230769231,5.911522321183113,14.738461538461538,6.086041722347443,9.717384615384615,3.265174323889096,341.6713846153846,101.60118343117556,0.16138461538461538,0.06768209057509515,7.71076923076923,3.026194138111179
Pithoragarh,8.108119658119659,0.2407421414334243,161.33333333333334,41.09492795282985,14.632478632478632,7.185183858418717,15.205128205128204,6.269161608054502,8.551965811965813,5.809124249880118,291.53846153846155,65.45668987457942,0.14094017094017094,0.08601305941324086,5.1923076923076925,1.531516818901526
Prakasam,8.350624999999999,0.11918997441060156,767.5625,258.8605721876805,24.71875,1.2106300012803255,8.4375,9.91946739161601,149.61375,73.35317915173596,1106.0625,252.2782772389781,1.134375,0.2807838729936842,119.07375,54.554395835716115
Pratapgarh,8.394590163934428,0.34826031341747726,292.672131147541,83.17125330935671,26.54590163934426,6.199773484316231,4.704918032786885,3.6241056933404585,31.644590163934424,12.877715063080938,441.9568852459016,149.46275475338314,0.4766393442622951,0.45431861187155453,34.52131147540984,15.145514569822296
Puducherry,8.177777777777777,0.1365446609884267,386.1333333333333,40.602740055321405,24.77777777777778,1.0929064207169987,19.333333333333332,18.861336113860016,87.44111111111111,6.860700482539019,642.0,69.05794668247817,0.36666666666666664,0.08031189202104505,118.71111111111112,181.3295649118232
Pune,7.712735849056603,0.30926805454128,455.8301886792453,277.63667493766064,23.714150943396223,2.408692143812851,17.833396226415093,16.20358484068043,128.62301886792454,89.17663980010535,634.7688679245283,360.0258340897768,0.19122641509433963,0.10416747349193375,94.34952830188679,67.40051663475974
Raichur,8.2759375,0.17944105645569364,591.09375,283.5972108893061,24.75,1.5026857675938219,7.125,5.141544891466742,109.3384375,54.20644891460288,849.0625,402.1210648628739,0.5753125,0.3197477269207207,84.065,56.57919576618589
Raigarh,7.708611111111111,0.3071650849430969,99.34166666666667,56.76938612434149,27.03055555555556,4.280611763714515,51.29138888888889,90.17010574991114,11.45277777777778,5.568897243701253,189.27407407407406,103.92388153519023,0.2752777777777778,0.13328669355613765,10.321666666666667,5.739956608647741
Raipur,7.644615384615384,0.2265451812361582,163.0223076923077,98.30902887031264,25.734384615384613,4.214981770279972,19.374384615384617,29.72370648384461,27.344846153846152,20.37123858787322,313.8961538461538,180.41696254146763,0.4433846153846154,0.25680974723149963,25.10069230769231,18.865969370593934
Rajgarh,8.115185185185185,0.31315233906900153,342.14814814814815,142.4404608960702,23.925925925925927,2.384661335831499,75.20074074074074,172.19956177747164,44.13814814814815,23.099622547205435,540.6333333333333,243.75130295509743,0.3088888888888889,0.1216973968918662,36.6562962962963,19.95975145292842
Rajkot,8.046666666666667,0.44429719783046157,595.1481481481482,258.8958364498242,27.125925925925927,3.1833210274071906,29.74074074074074,55.007406908659256,188.00222222222223,99.93995071400602,982.4444444444445,430.6273003362325,0.40518518518518515,0.15013763865636937,111.49481481481482,58.007640370131774
Ramanathapuram,7.781999999999999,0.18322117781522945,374.4,108.4472221866471,25.4,0.5477225575051664,4.6,2.701851217221259,85.078,31.467949091099026,653.92,189.8759516105186,0.512,0.12637246535539295,62.64,22.47694374242192
Ranchi,7.4952,0.2942527027254372,225.2026,106.35427701809087,25.71,5.053883130215573,4.058,5.655197717541784,35.8756,12.527935993007704,370.5586,180.75814765287336,0.4346,0.19362503211419874,25.292399999999997,9.683520518522851
Ratlam,8.206285714285713,0.34158272462754236,278.9,141.82558690676825,23.7,3.9976442338319527,31.519714285714286,115.10694097571505,41.475857142857144,32.772451690930424,457.36285714285714,216.4800350077019,0.2914285714285714,0.10995764288949482,30.83957142857143,27.288348229400533
Ratnagiri,7.231379310344828,0.32323945279369065,54.241379310344826,13.034720591048337,25.189655172413794,1.1833200350787276,13.21896551724138,16.863491280791767,15.262068965517242,3.69532656522334,81.25103448275863,17.19814345146998,0.0463448275862069,0.015353631171412946,8.700000000000001,1.9179602260139361
Rohtas,8.180540540540541,0.3126850203030556,143.13513513513513,38.964486795429906,23.12162162162162,6.258777620054678,19.58108108108108,40.86962902421035,14.144594594594595,8.00680356342675,225.13513513513513,63.101841037661835,0.30540540540540545,0.06681627357473936,16.70054054054054,15.6803101843515
Rudraprayag,7.721333333333334,0.3085899228623156,70.57639999999999,24.560393807917656,13.291866666666666,3.981398423283169,0.5519999999999999,1.4860072172316088,4.2447333333333335,0.9352483764899405,135.614,44.57487032431534,0.2528666666666667,0.12737587281503307,2.7405999999999997,0.8469750596551539
Sagar,7.932608695652173,0.21314138268261681,210.69565217391303,78.65484715030061,27.695652173913043,1.4130811791869324,60.47826086956522,119.76107637717593,13.892173913043477,4.706137150303884,318.0869565217391,107.43197130509161,0.20130434782608694,0.05731129888806529,24.527391304347827,37.81808552644324
Saharanpur,8.096153846153847,0.3923634010219846,212.15384615384616,79.80273154183672,20.57076923076923,7.290677332150866,100.97753846153846,179.10697811495552,15.720307692307692,11.005461281965701,336.7569230769231,126.68937525650927,0.23461538461538461,0.09440731107607814,12.662923076923077,8.939058556951924
Salem,7.842222222222222,0.17303475269732863,853.9629629629629,211.23564702838055,27.425925925925927,1.8276913963948729,8.481481481481481,6.930259015974081,214.59592592592594,68.39788718392602,1478.4814814814815,366.1616257642739,1.0696296296296295,0.3061231713075572,150.9962962962963,40.1061810072432
Sangli,7.573571428571428,0.22684983262247832,183.07142857142858,88.19378014997916,23.485714285714288,2.1643088513964015,39.46964285714286,23.10790845578756,42.56,18.564213482456566,250.74428571428572,104.69930819498254,0.07728571428571429,0.02942014570910507,31.103571428571428,14.18093352573714
Saran,8.214324324324325,0.3981522638705264,192.27027027027026,42.34950389887089,25.024324324324322,5.446324214316246,57.935135135135134,120.25191201117072,14.483783783783784,8.691508739808882,297.43243243243245,62.201527553831276,0.17702702702702702,0.04047391923372553,14.924324324324326,14.631733880040885
Satara,7.554545454545455,0.2835278966553698,138.4727272727273,93.4627575318348,22.675757575757576,1.4866132447257205,25.847878787878788,18.96219326673074,25.349393939393938,14.360361664011537,195.25121212121212,126.83217737323147,0.06090909090909091,0.025045413298101657,17.078787878787878,10.307271631467197
Satna,7.936825396825396,0.24921053022867296,379.44444444444446,139.26185335289472,23.047619047619047,4.636560778479512,4.535396825396826,2.952904434290801,41.29825396825397,17.399961025140126,582.5079365079365,217.69628688402722,0.40423809523809523,0.27080511468258645,30.09174603174603,14.48579410226342
Sawai Madhopur,8.38641304347826,0.36097116113154687,404.7173913043478,133.4839436438044,26.403260869565216,4.920320079978638,63.68902173913044,147.5414034723573,73.42239130434783,35.086076145299714,641.6614130434782,211.04847824731837,0.41608695652173916,0.22507608736319218,57.405869565217394,26.981146415097143
Seoni,8.316923076923077,0.15353526280003915,196.43076923076922,30.57085716319233,17.923076923076923,2.0599975105785315,1.7453846153846155,2.1003952619472024,11.256153846153847,0.7228939348380509,381.4230769230769,74.64762949848837,0.26615384615384613,0.09996153106224258,13.926923076923078,4.41979144420372
Sepahijala,7.235714285714286,0.5933829258609459,91.90714285714286,31.136435848738973,27.25,2.7789732470270927,111.25,220.45745708552337,10.914285714285715,11.793252121632761,141.5142857142857,46.856964955438215,0.10785714285714286,0.04227721179740496,10.71642857142857,7.732513380965673
Shamli,7.982153846153847,0.4181674765707378,215.83076923076922,56.86320460949715,24.027692307692305,5.451562496555109,155.47307692307692,208.75639145097955,19.497230769230768,15.579833470276204,342.46923076923076,90.3051111563545,0.33861538461538465,0.12350198534685741,15.755384615384614,13.087086917659889
Shivpuri,7.936333333333334,0.17159461717570906,298.2,117.43388455373226,25.333333333333332,4.163331998932267,40.8,94.60640788970429,24.188,9.655059206232867,452.1,175.4095404946713,0.25833333333333336,0.07865609708849912,35.20433333333333,18.93288157446308
Sidhi,8.225254237288135,0.2602343501684547,151.5084745762712,41.39397460790472,24.661016949152543,4.879973747426296,8.796271186440679,8.556066188082298,17.217966101694916,3.39814999347313,234.32203389830508,60.113238165053865,0.2577118644067797,0.16111326609556803,11.955084745762711,17.18311574782173
Simdega,6.9094444444444445,0.28955669869821055,59.364444444444445,9.934779135843304,21.68462962962963,6.416284916085674,17.29259259259259,23.521470335345704,20.71388888888889,8.188703313082332,97.59203703703704,15.60687141597665,0.22648148148148148,0.05975286864219447,7.273888888888889,2.079583064768138
Sirmaur,8.14456603773585,0.44283682222114595,222.9011320754717,65.98149318295961,15.558867924528304,5.526561777198097,85.0217358490566,166.43373381703145,15.389358490566037,13.089029351316855,353.5082264150944,105.19600295340493,0.18147169811320757,0.07567189036507328,11.945584905660377,10.830094177928538
Sirohi,8.113,0.39121517141443674,530.0333333333333,286.8197178973452,20.033333333333335,9.933341047594013,15.733333333333333,38.03440668597346,144.4406666666667,95.26409458332981,821.6623333333333,485.96449410306775,0.328,0.09907851292857565,94.827,55.57923757402887
Sitamarhi,8.165076923076924,0.31459360231159283,211.63076923076923,68.35696042438941,23.50153846153846,5.528123899312846,21.16,43.24400536490578,19.292153846153845,11.6996457601699,317.4923076923077,100.94446540625121,0.21846153846153848,0.10267105801464287,17.72753846153846,14.145513978684333
Sitapur,7.978863636363637,0.3442740957707048,230.12121212121212,98.88292331697315,23.753030303030304,7.278111484286338,17.341666666666665,24.756555278594124,20.054166666666667,12.641575539650193,428.3340909090909,170.41291090909385,0.3035606060606061,0.0996339297779058,16.565909090909088,9.318821384256296
Solapur,7.675416666666667,0.1626941426664495,841.7916666666666,388.1361234957638,26.9375,1.2710189339403182,20.1875,28.05839117300547,228.31458333333333,84.5471664595602,1137.3458333333333,557.4879417523534,0.205,0.09026530943256397,170.1875,63.93215366104234
Sonbhadra,8.05592,0.24647546498325051,127.58319999999999,40.54084904501042,23.5856,3.549209453094517,9.80408,9.552093175100756,17.2228,3.8703208169099432,195.76,57.986427777986236,0.40013600000000005,0.2626091890881741,13.27488,8.731981134996541
Sonitpur,7.791666666666667,0.5719722885337848,102.76666666666667,50.95847080835959,24.69,3.2505012876000614,59.190000000000005,80.51297834982022,4.6466666666666665,3.030468648556697,160.74333333333334,75.32973806393866,0.14800000000000002,0.05504856789768656,5.800666666666667,3.0260967613735357
South,7.646206896551725,0.324140774015412,749.2758620689655,257.25902685144354,25.45344827586207,6.117830075082685,82.11862068965517,137.9284399017978,144.64793103448275,67.84963024319242,1189.3103448275863,408.2265244276828,0.33448275862068966,0.12396964510074206,118.98517241379311,52.88926968006499
South Garo Hills,7.171190476190477,0.6947545710921423,61.43333333333333,26.15763346745814,27.347619047619045,2.8031548511682947,122.97690476190476,174.1148005433042,5.372857142857143,1.91500020469245,94.10952380952381,39.435398296354286,0.07464285714285714,0.03118459706452298,3.97047619047619,1.799822419940845
South West,7.433333333333334,0.5622573550726868,1254.5833333333333,476.7294750948827,26.150000000000002,2.2142103045391313,21.935000000000002,13.701315464383171,225.22166666666666,76.29336094472718,1991.45,756.6860961996184,0.3933333333333333,0.12970829743791423,181.16166666666666,61.35227014149641
South West Khasi Hills,6.03,1.092916587241069,44.974999999999994,20.200391910389595,26.125,1.4750706197783667,7.5,4.123105625617661,4.3225,2.915697458013548,69.525,31.106416808540754,0.0575,0.035,2.8225,0.672328044930449
Srikakulam,7.626770833333333,0.29859846226440406,188.39552083333334,71.95984710597536,26.077708333333334,3.9244495367715784,11.673958333333333,25.444607513873894,34.28010416666667,13.696439452399506,322.596875,124.7528524750352,0.32,0.11239966285770753,20.4790625,7.971067692879898
Srinagar,7.645583333333334,0.4322615840331081,157.58333333333334,52.80832058728339,13.895833333333334,5.460959927827097,3.0166666666666666,3.781319260541227,10.025333333333332,3.510705340639616,263.8890833333333,86.95603977743302,0.18830833333333336,0.11541505631454521,7.501499999999999,4.336800247481386
Sukma,7.962307692307693,0.30337418716149395,174.6153846153846,285.6727552233903,25.846153846153847,2.115268062057141,59.75384615384615,106.27909496058493,11.05,6.510154888070381,234.10230769230768,359.5604150476394,0.10692307692307691,0.026578379491802293,8.632307692307693,2.619866898165356
Sultanpur,8.234126984126984,0.4019333716275058,314.46031746031747,85.51189794537468,27.3,6.199219513829556,5.781587301587302,5.437688433916776,31.076984126984126,10.86922700087353,483.06349206349205,133.46775290319442,0.36936507936507934,0.17221585307747733,31.205238095238098,15.514415342195084
Sundargarh,7.513338983050847,0.3292052533257964,149.52062711864406,90.76357376368829,24.846847457627117,4.9254279650432915,20.189271186440678,53.763334701370255,25.469966101694915,22.865381793202886,256.225406779661,150.8653595027094,0.557322033898305,0.5726143672711715,13.34193220338983,6.848663012210384
Supaul,7.957272727272726,0.3437774782405832,158.0,39.117611123380215,27.303030303030305,5.9868859209361105,17.46363636363636,23.82055071495276,17.235757575757575,14.187638552253647,245.54545454545453,58.83403081396158,0.3373030303030303,0.11784271425518973,28.55666666666667,42.943293180270494
Surat,8.27142857142857,0.3575497333892028,423.04761904761904,226.9362167165202,21.885714285714286,8.815440208107466,13.178571428571429,19.40094045638856,90.28142857142858,65.86852820327401,680.3523809523809,346.0578756319176,0.35904761904761906,0.10405930588147444,65.82142857142857,46.32782499363763
Tehri Garhwal,7.3426,0.30729770183166083,67.1396,23.96046556394128,16.2,2.4578072191550353,0.23900000000000002,0.36087902885785383,4.3858,1.0689344112293346,124.016,21.738401645991583,0.2688,0.08365722092111891,2.7204,1.266367068041651
Thane,7.386617647058824,0.4758515079248781,112.91176470588235,129.5492455543644,25.955882352941178,3.3387540062590415,9.039852941176472,10.80162100779144,28.136029411764707,52.43805135841509,176.65882352941176,206.89020322296568,0.10816176470588235,0.293596210186108,19.62529411764706,33.435576345920005
Thiruvananthapuram,6.803793103448276,0.3089777360576493,55.702413793103446,61.92386959895493,27.20689655172414,1.7096221459063417,25.86896551724138,36.88947878894736,9.986206896551723,6.019594441603131,69.68586206896552,39.136064434340696,0.4407931034482758,1.018721480908803,6.115172413793103,3.7697135365678975
Tikamgarh,8.144736842105264,0.2560001762217441,187.4561403508772,45.50316714857746,24.69122807017544,5.0510352793742905,17.87719298245614,61.15701985622121,18.32263157894737,6.35529967999593,280.140350877193,71.28224548443504,0.35456140350877197,0.12647797910306358,16.425789473684212,7.577918331613342
Tinsukia,7.9399999999999995,0.5302290610131222,156.34666666666666,79.38221163339759,22.62,2.5895945628611434,21.2,32.09850908865216,2.2333333333333334,1.1567606658662104,233.4,118.49159102171403,0.16466666666666668,0.055403283382158955,11.24,17.97708064651846
Tirunelveli,8.12,,1426.0,,30.0,,6.0,,518.7,,2546.0,,0.44,,360.0,
Tiruvannamalai,8.5228,0.15878496990164603,570.128,86.8804567590817,26.86,1.944650782702815,25.808000000000003,64.12712582571174,135.2292,34.68868270296044,936.24,140.2186625714756,0.8887999999999999,0.386213671430725,95.84,20.803665542399013
Tonk,8.205555555555556,0.2109568149593127,448.8888888888889,265.5439909150857,30.133333333333333,2.4939927826679855,8.035555555555554,12.776252493504414,89.8288888888889,60.63215224706369,713.5999999999999,421.3107878989096,0.29333333333333333,0.11661903789690599,72.09333333333333,48.290069631343464
Tuticorin,7.49125,0.17779564202359044,144.84125,49.859179744944754,29.59375,1.701221098448538,12.8125,8.541351030097923,34.6521875,16.373024773137494,249.80625,83.86417181679033,0.2365625,0.0687965385006936,22.59,8.357741630446009
Udupi,6.742765957446809,0.1373301659071493,27.246808510638296,6.719693673913296,27.310638297872337,1.5268942679366857,7.129787234042554,9.498853818582008,5.048936170212766,1.153043673599787,41.21808510638298,8.798057008398743,0.017829787234042552,0.008470714637826353,2.849787234042553,0.6772915670448065
Ujjain,7.97,0.3484087818142403,499.537037037037,212.4211474533429,25.177777777777777,3.0665367760296194,114.42129629629629,222.05535780178008,82.15055555555556,46.946205521778666,792.75,337.1152586898276,0.2764814814814815,0.10015379508267229,66.02444444444444,37.738401075340626
Umaria,8.065714285714286,0.18401604484909667,241.55714285714288,31.58944217840602,16.428571428571427,3.6903993847614407,13.811428571428573,31.021222535855156,14.1,2.8559761903769436,452.54285714285714,53.033569781879876,0.5957142857142858,0.026992062325273132,25.978571428571428,6.213108262835462
Upper Siang,7.7,0.2828427124746193,167.5,9.192388155425117,21.299999999999997,0.5656854249492398,1.0,1.4142135623730951,3.0,0.0,250.0,14.142135623730951,0.25,0.07071067811865474,6.550000000000001,0.49497474683058373
Upper Subansiri,7.75,0.0707106781186545,108.5,36.062445840513924,21.35,0.0707106781186545,0.0,0.0,1.0,0.0,162.0,53.74011537017761,0.07,0.014142135623730958,3.8499999999999996,0.07071067811865497
Uttara Kannada,7.15625,0.19393727508312236,39.44375,6.180072140895016,26.25,3.1728010758108773,4.38125,8.484434276956831,7.5,1.7678612313565034,59.70625,5.904401606711165,0.0235625,0.01387068251144598,4.894375,1.3784143970519174
Uttarkashi,7.934888888888889,0.4276537116436119,91.0215,30.11249219187257,10.851666666666667,2.934869825708586,46.43977777777778,139.53679989154367,7.662166666666667,7.144303686686185,150.24494444444446,40.99115415539442,0.23450000000000001,0.10905523688818168,5.9959444444444445,5.982792989248718
Vadodara,7.786428571428572,0.1653717091820794,629.1428571428571,87.61178103328443,25.37142857142857,3.6444749693471374,5.342142857142858,3.131097567630555,128.08857142857144,26.65252935237331,979.0642857142857,131.95669223792183,0.6314285714285715,0.06561626707985231,123.14428571428572,21.395929057177685
Vaishali,8.243513513513513,0.3497714826713153,162.1891891891892,27.574986489205767,21.197297297297297,5.331639652244078,22.302702702702703,26.565458844213545,13.102162162162161,7.3755098261201715,254.56756756756758,45.03118705750282,0.15135135135135136,0.04911223892281854,13.903513513513513,13.18399139028007
Valsad,8.301176470588235,0.26450147336407215,134.11764705882354,8.957415593665786,27.88235294117647,1.9326909006996071,2.0588235294117645,1.4818522292765108,15.974117647058824,1.9103306612453554,219.62941176470588,12.567207561043654,0.14941176470588236,0.025853091748206387,12.073529411764707,1.5861901729319479
Varanasi,8.217486338797814,0.4213755843117924,311.5191256830601,85.10516064529892,26.577049180327872,4.91568671298379,6.8732240437158465,4.623066152169014,51.40360655737705,21.287334987670945,478.0425136612022,137.10931304370655,0.29521311475409834,0.13462313470754853,40.05590163934426,20.323519264855527
Vidisha,8.037142857142857,0.19279489134795583,252.875,55.91846743250391,24.446428571428573,4.467741519572757,37.660714285714285,77.56059842839937,25.695357142857144,7.284463408025132,380.9107142857143,83.14899590181784,0.2766071428571429,0.09173631749777153,26.19589285714286,8.03792460250682
Wardha,8.38923076923077,0.22856295771849308,242.74615384615385,43.931321692398754,21.846153846153847,5.63983087580579,4.482307692307692,3.5601314438424736,26.504615384615384,5.569795949860006,448.7230769230769,80.86844413249374,0.33076923076923076,0.04212314060417354,27.83923076923077,4.7540517132555165
Wayanad,7.454888888888889,0.37418148707333815,62.00377777777778,23.037156922050652,24.843333333333334,1.5153929293543236,34.33833333333333,54.34989412660373,9.223333333333333,4.0015179703977,96.33788888888888,28.627336526766328,0.18733333333333332,0.21798376395574653,6.833666666666667,3.4818329313448912
West Jaintia Hills,5.985925925925926,1.4371640323360646,58.31111111111112,44.14932121904666,27.07037037037037,2.7160229429775855,38.84074074074074,60.124292410736416,5.403703703703704,1.532863454574598,88.68888888888888,65.33012223924636,0.0592962962962963,0.09682808509248782,2.081111111111111,1.8254068742092149
West Kameng,7.5,,59.0,,20.6,,0.0,,1.0,,88.0,,0.3,,3.8,
West Siang,7.470000000000001,0.2263232692902396,82.92,31.496447771490402,24.57,3.0517936438174256,30.7,28.7172035159724,2.06,0.8435375246872872,123.7,46.804676879322415,0.128,0.07269418439218123,3.0,1.3711309200802089
Yadgir,8.182,0.1040741493908485,552.6,173.36246092260822,25.333333333333332,1.3451854182690979,8.666666666666666,4.745925570824887,83.67800000000001,24.753257563399607,801.5466666666667,205.1703747295566,0.43,0.1593289499297422,60.89066666666667,27.684855443949512
Yavatmal,8.380588235294118,0.19063940398810808,285.0176470588235,84.30215919012781,23.205882352941178,4.575952167067978,7.2311764705882355,2.8009839395133564,32.614117647058826,10.581923300387984,495.7117647058824,76.35611372340252,0.4294117647058823,0.12028458900848926,26.421176470588236,7.218287437433602
